[
    {
        "label": "Display settings",
        "name":"display_settings",
        "inputs": [
            {
                "type": "text",
                "name": "left_title",
                "label": "Left box's title"
            },
            {
                "type": "text",
                "name": "right_title",
                "label": "Right box's title"
            },
            {
                "type":"image",
                "name":"left_image",
                "label":"Left box's image logo"
            },
            {
                "type":"image",
                "name":"right_image",
                "label":"Right box's image logo"
            },
            {
                "type": "action",
                "name": "boxesState",
                "values": [
                    {
                        "name": "show",
                        "label": "Show boxes"
                    },
                    {
                        "name": "hide",
                        "label": "Hide boxes"
                    }
                ]
            }
        ]
    }
]